{"IcoMoonType":"selection","icons":[{"icon":{"paths":["M134.554 876.851v-659.558h-134.554v759.398h4.301v4.301h828.826v-104.141z","M203.878 35.123v763.597h820.122v-763.597h-820.122zM646.554 681.574h-290.714v-121.446h290.714v121.446zM772.301 525.414h-416.461v-121.549h416.563v121.549zM811.418 351.846h-455.578v-121.549h455.578v121.549z"],"attrs":[{},{}],"isMulticolor":false,"isMulticolor2":false,"grid":0,"tags":["ico2_Mesa de trabajo 1"]},"attrs":[{},{}],"properties":{"order":3,"id":0,"name":"ico2_Mesa-de-trabajo-1","prevSize":32,"code":59648},"setIdx":0,"setId":1,"iconIdx":0},{"icon":{"paths":["M571.2 473.6h443.2v534.4h-443.2v-534.4z","M576 16h448v336h-448v-336z","M1.6 16h478.4v560h-478.4v-560z","M1.6 672h499.2v324.8h-499.2v-324.8z"],"attrs":[{},{},{},{}],"isMulticolor":false,"isMulticolor2":false,"grid":0,"tags":["ico"]},"attrs":[{},{},{},{}],"properties":{"order":2,"id":0,"name":"ico","prevSize":32,"code":59649},"setIdx":1,"setId":0,"iconIdx":0}],"height":1024,"metadata":{"name":"icomoon"},"preferences":{"showGlyphs":true,"showQuickUse":true,"showQuickUse2":true,"showSVGs":true,"fontPref":{"prefix":"ic_","metadata":{"fontFamily":"icomoon","majorVersion":1,"minorVersion":0},"metrics":{"emSize":1024,"baseline":6.25,"whitespace":50},"embed":false,"showSelector":true,"selector":"i","showMetrics":false,"showMetadata":false,"showVersion":false},"imagePref":{"prefix":"icon-","png":true,"useClassSelector":true,"color":0,"bgColor":16777215,"classSelector":".icon"},"historySize":50,"showCodes":true,"gridSize":16}}